Age,Salary,Experience_Years,Purchased
58,81934,6,0
48,94895,13,0
34,62307,15,1
27,84098,4,0
40,90921,13,1
58,35486,15,1
38,38335,8,1
42,116900,5,1
30,119112,15,0
30,41130,4,1
43,117508,12,0
55,90566,13,0
59,96703,2,0
43,57192,19,0
22,31062,19,1
41,114076,4,1
21,119780,4,0
43,51545,11,0
49,51689,5,1
57,41174,11,0
21,118461,10,0
40,39348,8,0
52,53714,6,1
31,68102,6,1
41,104460,8,0
44,119930,15,0
46,36801,14,1
47,102267,11,1
35,78136,12,0
34,53625,13,1
22,112873,8,0
56,102592,18,0
26,107052,1,1
40,74261,15,0
28,31542,8,1
58,51677,11,0
37,76732,12,0
23,80343,12,1
44,69081,4,0
33,92856,16,1
28,118858,4,0
45,49065,5,0
21,113460,5,0
39,118092,8,1
47,84693,10,0
26,56962,17,1
27,58295,9,0
54,43807,19,1
33,72348,14,0
36,56432,8,1
55,113285,9,1
59,87854,11,1
23,70262,1,1
21,67080,14,1
25,31324,5,1
23,65909,14,0
48,119339,4,0
37,49870,1,1
45,64578,19,1
53,102124,8,1
29,56790,15,0
55,55289,15,0
33,85129,9,0
50,45485,9,1
34,74482,10,0
27,116188,9,0
33,34748,3,0
42,116769,11,0
59,39435,6,0
40,33709,2,0
35,60355,7,1
37,85771,18,0
43,87799,2,0
45,43116,17,0
44,55470,11,0
48,72344,12,0
34,72918,19,0
20,82224,7,1
44,69298,6,0
26,110219,1,1
28,91629,17,1
43,96040,11,1
20,58016,18,0
27,53960,17,0
43,63591,7,0
30,112848,17,0
36,97641,9,1
27,66395,17,0
54,52700,8,0
54,64620,17,1
52,50559,7,1
24,91642,1,0
58,106539,13,0
47,51732,19,0
26,60354,19,0
28,43843,17,0
27,101726,13,0
31,47640,16,0
53,82528,8,0
52,68413,19,0
42,82638,18,0
43,82736,1,0
56,98866,14,1
54,49087,19,1
59,71430,15,0
41,54504,18,0
46,37114,2,0
54,108859,17,1
20,40975,18,1
54,41023,6,0
56,51447,19,1
33,53959,4,0
22,96203,1,0
20,59703,8,1
24,39337,7,1
45,76427,3,1
33,91529,10,1
58,114665,10,0
46,61921,19,1
28,63307,14,0
34,57355,2,1
34,34835,1,0
45,50159,18,1
32,77605,7,0
51,68088,8,1
58,108752,1,0
51,85284,3,1
23,87043,8,0
49,65547,15,0
56,112844,5,0
42,57532,3,0
58,64349,19,1
34,75445,1,0
48,35713,15,1
55,86178,8,0
32,79407,2,0
51,100340,3,1
26,80990,14,1
41,105672,14,0
47,95545,11,0
21,114791,16,1
25,88141,4,0
47,53793,5,1
47,86570,14,1
39,67892,16,1
49,31015,18,0
30,91813,7,1
47,57712,10,0
44,38415,7,0
58,92292,1,0
52,53833,19,0
20,34158,16,1
46,92680,19,1
32,50309,4,1
22,36970,18,0
58,102474,2,0
25,116704,1,0
27,76540,15,1
46,50384,5,0
28,48017,11,1
56,105880,10,0
52,38702,2,0
43,30384,3,1
34,30404,12,0
51,70943,5,1
51,77926,5,1
43,59189,6,0
31,42763,9,0
58,48384,2,0
21,90100,12,1
22,39860,3,0
56,110642,12,1
36,80612,17,1
21,53574,10,1
21,53524,14,0
47,99172,17,1
42,40916,18,1
56,34809,19,0
51,62201,17,0
52,83330,14,1
20,43456,9,0
38,86397,8,1
21,68765,2,0
45,64816,13,0
51,75106,7,1
25,83932,9,0
51,47100,11,0
23,87091,14,0
30,51949,4,0
36,100080,13,0
57,67744,2,0
43,75543,5,1
24,66187,11,0
53,37239,6,1
25,44489,18,0
41,88017,10,1
30,91877,4,0
35,73125,9,1
52,79922,6,0
28,62049,2,0
25,67131,17,0
35,72944,5,0
48,103963,6,0
22,54285,12,0
39,67626,10,1
55,72808,6,0
38,118464,8,0
45,83871,2,1
22,49198,12,1
38,49758,13,0
39,45254,7,0
51,74238,10,0
26,31252,13,1
52,69764,17,1
59,107709,14,0
58,67441,2,1
37,83682,11,1
59,89494,1,0
20,111317,19,1
30,95215,4,0
47,108587,19,0
44,36949,11,0
42,85393,8,0
50,103553,11,0
49,36941,4,1
54,55934,17,0
26,53386,7,0
35,91886,8,0
45,105745,3,1
21,113251,2,0
20,83413,15,0
31,86800,5,0
24,72318,1,0
56,100173,4,1
51,100390,15,1
28,82329,19,0
54,73088,3,1
38,69811,11,1
35,85479,17,1
22,115392,13,0
39,117369,11,0
43,49963,2,0
52,85123,9,1
43,103477,2,0
30,44388,9,0
27,35569,9,0
55,99836,8,1
57,66586,17,0
59,42015,1,1
39,75002,11,1
54,36254,8,0
44,47144,10,1
54,54214,7,0
44,110719,3,1
48,101774,3,0
37,36090,18,1
37,41637,5,1
21,52415,12,1
54,54071,12,1
35,88243,19,0
55,71240,6,1
52,113807,2,1
23,63434,12,0
52,99724,19,0
33,105697,5,1
40,58732,12,1
39,41314,17,1
27,53954,17,0
26,87108,10,1
22,117044,17,0
36,117505,15,1
52,66668,12,0
31,53061,16,1
41,109252,19,1
41,69749,8,0
49,46907,17,1
57,48777,5,0
57,81745,16,1
27,111818,6,1
46,53624,8,0
46,53321,18,1
53,40488,12,1
40,52574,15,0
49,35240,9,0
52,73221,13,1
47,40478,15,1
52,85645,10,1
24,49262,16,1
38,82796,7,0
23,34432,17,1
54,94291,7,0
36,109104,14,0
47,89399,15,0
49,109714,7,0
48,80428,9,0
25,117731,19,0
54,30302,16,1
56,112558,8,0
43,30055,18,0
48,38717,18,0
50,58699,7,0
54,103686,3,0
52,97661,18,0
40,74247,10,1
51,46748,7,1
42,34621,17,1
52,45034,14,0
22,35126,3,0
37,35122,12,1
44,48030,13,0
50,112838,2,0
22,114717,3,0
59,85658,5,0
43,68638,11,0
51,97067,8,0
41,118869,12,0
42,64674,7,0
21,65854,15,1
46,76271,17,1
21,103688,4,1
45,68518,13,1
36,40267,18,1
59,31062,1,0
52,80448,16,0
28,36229,13,0
58,86793,10,1
48,77915,12,1
45,34632,2,0
54,33596,3,1
44,36168,10,0
43,37561,2,1
32,103794,13,0
26,112152,13,0
55,56734,18,0
39,36371,3,0
20,56069,7,0
27,109905,14,0
35,42910,17,1
33,103479,12,0
31,107735,16,0
42,111264,12,1
34,53275,15,1
47,102274,10,0
53,111449,7,0
21,90004,5,0
51,92981,1,0
42,114659,17,1
41,84553,3,0
44,78447,13,0
41,64529,14,1
41,105703,18,0
25,106090,4,0
34,47260,18,0
56,33812,5,1
52,58024,16,0
27,88656,1,1
24,57285,14,0
58,31605,15,0
23,101158,9,1
25,102303,15,1
51,57139,17,1
49,107149,4,1
54,86138,12,1
59,106125,5,0
35,43918,5,0
32,115655,11,1
49,57446,6,0
38,43046,7,1
36,54818,14,1
38,34324,11,0
47,106323,13,0
45,39111,2,1
56,68110,7,0
45,46389,4,1
42,71427,8,0
28,109579,19,1
31,58746,13,0
20,117886,14,1
20,30117,10,0
53,114471,11,0
51,43234,2,0
44,83441,9,1
59,30846,17,1
20,40954,3,0
35,109239,6,0
58,76514,5,0
24,118236,5,1
41,36469,15,1
48,60105,17,0
22,72101,9,0
31,94323,3,0
45,88067,17,0
35,79376,10,0
56,75587,3,1
41,66976,18,0
48,97584,18,1
33,108477,17,0
47,72533,3,0
24,31828,3,1
49,31917,6,1
24,50618,13,1
31,62254,15,0
35,77362,9,0
45,50128,4,1
45,89383,14,0
40,95545,5,0
58,112180,2,0
55,117958,11,0
52,39865,9,1
49,32219,3,0
56,69809,9,0
42,35287,3,0
29,64387,2,0
24,38512,12,0
55,31342,10,0
53,93076,9,0
50,49216,15,1
29,109767,8,0
38,56614,5,0
51,66258,11,1
20,72078,2,1
24,113524,15,0
23,42219,6,0
35,30235,8,0
43,72929,5,1
35,97444,16,1
21,38567,18,1
47,100792,6,0
51,95441,5,1
46,114555,16,0
39,103698,13,0
43,35415,5,0
31,66159,13,1
54,73925,17,0
52,35951,18,1
52,117388,8,0
56,38007,13,0
31,71832,19,0
22,88596,3,0
20,60523,8,1
52,118861,2,0
59,116740,8,1
29,45524,13,1
48,49282,13,1
32,53930,1,0
31,30077,6,0
50,50611,19,0
21,46984,16,1
54,44060,8,1
42,112985,1,0
36,114056,16,1
45,73303,9,0
27,89207,13,1
48,105046,11,0
45,59287,13,1
29,69711,10,0
45,41954,4,1
53,103340,6,1
26,102101,7,1
23,101520,5,0
30,117062,11,0
48,48574,13,0
55,39184,19,0
44,49096,10,0
40,97728,10,1
55,64016,11,0
29,41246,7,0
56,75558,18,0
28,48381,4,0
43,66455,2,1
54,34018,14,0
54,41302,13,1
55,97506,12,0
37,71157,7,1
58,84917,2,1
51,113122,13,0
43,54519,14,1
42,117487,17,0
51,86819,9,1
56,110910,17,0
31,101324,8,1
32,35408,2,1
42,89379,13,1
44,55053,3,1
54,39446,16,0
49,30922,6,0
36,81356,19,0
39,40789,7,0
44,96656,10,1
41,74028,9,0
32,94484,2,1
38,62154,15,1
55,112870,5,1
31,32336,4,0
38,97779,4,1
31,49029,18,1
28,89201,4,0
26,62265,17,1
47,73872,12,1
33,76197,17,0
